<?xml version="1.0" encoding="UTF-8"?>
<Configuration status="DEBUG">
    <Appenders>
        <File name="FILE" fileName="D:\инфа\EPAM\05_JavaST_2019\FinalProject_LakesParadise_WebApplication\resources\logData" append="false">
            <PatternLayout pattern="%d %-5p [%t] %C{2} (%F:%L) - %m%n"/>
        </File>
        <Console name="CONSOLE" target="SYSTEM_OUT">
            <PatternLayout pattern="%m%n"/>
        </Console>
    </Appenders>
    <Loggers>
        <Root level="DEBUG">
            <AppenderRef ref="FILE"/>
        </Root>
    </Loggers>
</Configuration>