<?xml version="1.0" encoding="UTF-8" ?>

<devices xmlns:xsi="http://www.w3.org/2001/XMLSchema-instance"
         xmlns="http://www.webparsing.training.by/devices"
         xsi:schemaLocation="http://www.webparsing.training.by/devices devicesPattern.xsd">
    <peripheralDevice>
        <name>Defender Doom Keeper GK-100DL</name>
        <origin>Belarus</origin>
        <price>100</price>
        <type cooler="true" critical="false" ports="USB">
            <powerUsage>500</powerUsage>
            <groupOfComplects>input-output device</groupOfComplects>
        </type>
        <dateOfDelivery>2018-11-02</dateOfDelivery>
        <connection>Bluetooth</connection>
    </peripheralDevice>

    <innerDevice>
        <name>ASUS Mining Radeon RX 580 8GB GDDR5</name>
        <origin>Russia</origin>
        <price>150</price>
        <type cooler="false" critical="true" ports="COM">
            <powerUsage>400</powerUsage>
            <groupOfComplects>video card</groupOfComplects>
        </type>
        <dateOfDelivery>2014-09-11</dateOfDelivery>
        <version>version-1.4</version>
    </innerDevice>

    <peripheralDevice>
        <name>Logitech C922 (960-001088)</name>
        <origin>China</origin>
        <price>227</price>
        <type cooler="false" ports="USB">
            <powerUsage>50</powerUsage>
            <groupOfComplects>web-camera</groupOfComplects>
        </type>
        <dateOfDelivery>2013-05-25</dateOfDelivery>
        <connection>Wire</connection>
    </peripheralDevice>

</devices>