<?xml version="1.0" encoding="UTF-8"?>
<Configuration status="INFO">
    <Appenders>
        <File name="FILE" fileName="src\\main\\resources\\logData" append="false">
            <PatternLayout pattern="%d %-5p [%t] %C{2} (%F:%L) - %m%n"/>
        </File>
        <Console name="CONSOLE" target="SYSTEM_OUT">
            <PatternLayout pattern="%m%n"/>
        </Console>
    </Appenders>
    <Loggers>
        <Root level="info">
            <AppenderRef ref="FILE"/>
        </Root>
    </Loggers>
</Configuration>