<?xml version="1.0" encoding="UTF-8"?>
<Configuration status="DEBUG">
    <Appenders>
        <RollingFile name="FILE" fileName="D:\инфа\EPAM\05_JavaST_2019\FinalProject_LakesParadise_WebApplication\resources\logData"
                     append="false"
                     filePattern="D:\инфа\EPAM\05_JavaST_2019\FinalProject_LakesParadise_WebApplication\resources\logData.%i.log.gz"
                     ignoreException="false">
            <PatternLayout pattern="%d %-5p [%t] %C{2} (%F:%L) - %m%n"/>
            <Policies>
                <OnStartupTriggeringPolicy/>
                <SizeBasedTriggeringPolicy size="2 KB"/>
            </Policies>
        </RollingFile>
        <Console name="CONSOLE" target="SYSTEM_OUT">
            <PatternLayout pattern="%m%n"/>
        </Console>
    </Appenders>
    <Loggers>
        <Root level="DEBUG">
            <AppenderRef ref="FILE"/>
        </Root>
    </Loggers>
</Configuration>